-- MySQL dump 10.13  Distrib 5.5.58, for debian-linux-gnu (x86_64)
--
-- Host: localhost    Database: argila
-- ------------------------------------------------------
-- Server version	5.5.58-0ubuntu0.14.04.1-log

/*!40101 SET @OLD_CHARACTER_SET_CLIENT=@@CHARACTER_SET_CLIENT */;
/*!40101 SET @OLD_CHARACTER_SET_RESULTS=@@CHARACTER_SET_RESULTS */;
/*!40101 SET @OLD_COLLATION_CONNECTION=@@COLLATION_CONNECTION */;
/*!40101 SET NAMES utf8 */;
/*!40103 SET @OLD_TIME_ZONE=@@TIME_ZONE */;
/*!40103 SET TIME_ZONE='+00:00' */;
/*!40014 SET @OLD_UNIQUE_CHECKS=@@UNIQUE_CHECKS, UNIQUE_CHECKS=0 */;
/*!40014 SET @OLD_FOREIGN_KEY_CHECKS=@@FOREIGN_KEY_CHECKS, FOREIGN_KEY_CHECKS=0 */;
/*!40101 SET @OLD_SQL_MODE=@@SQL_MODE, SQL_MODE='NO_AUTO_VALUE_ON_ZERO' */;
/*!40111 SET @OLD_SQL_NOTES=@@SQL_NOTES, SQL_NOTES=0 */;

--
-- Table structure for table `coreRequests`
--

DROP TABLE IF EXISTS `coreRequests`;
/*!40101 SET @saved_cs_client     = @@character_set_client */;
/*!40101 SET character_set_client = utf8 */;
CREATE TABLE `coreRequests` (
  `coreRequestID` int(11) unsigned NOT NULL AUTO_INCREMENT COMMENT 'Primary Key',
  `accountNumber` varchar(45) NOT NULL,
  `accountBalance` double(15,2) NOT NULL DEFAULT '0.00',
  `expiryDate` datetime DEFAULT '0001-01-01 00:00:00',
  `timestamp` datetime DEFAULT NULL,
  `MSISDN` bigint(20) DEFAULT NULL,
  `dateCreated` datetime NOT NULL DEFAULT '0001-01-01 00:00:00',
  `dateModified` timestamp NOT NULL DEFAULT CURRENT_TIMESTAMP,
  `status` tinyint(1) NOT NULL DEFAULT '0',
  `originIP` int(11) DEFAULT NULL,
  PRIMARY KEY (`coreRequestID`),
  KEY `accountNumber` (`accountNumber`)
) ENGINE=InnoDB AUTO_INCREMENT=121 DEFAULT CHARSET=latin1;
/*!40101 SET character_set_client = @saved_cs_client */;

--
-- Dumping data for table `coreRequests`
--

LOCK TABLES `coreRequests` WRITE;
/*!40000 ALTER TABLE `coreRequests` DISABLE KEYS */;
INSERT INTO `coreRequests` VALUES (1,'3434H322',155.00,'0000-00-00 00:00:00',NULL,NULL,'2016-08-11 12:40:01','2016-08-21 18:04:55',2,NULL),(2,'3434322',155.00,'0000-00-00 00:00:00',NULL,NULL,'2016-08-11 12:40:01','2016-08-21 18:29:08',2,NULL),(3,'3434322',155.00,'0000-00-00 00:00:00',NULL,NULL,'2016-08-11 12:40:01','2016-08-21 18:35:54',2,NULL),(4,'34343O2',155.00,'0000-00-00 00:00:00',NULL,NULL,'2016-08-11 12:40:01','2016-08-21 18:36:17',2,NULL),(5,'D55A1653',490.00,'0000-00-00 00:00:00',NULL,254718668308,'2016-08-21 21:36:17','2016-08-29 12:04:01',2,NULL),(6,'D55A1653',490.00,'0000-00-00 00:00:00',NULL,254718668308,'2016-08-21 21:36:17','2016-08-29 12:26:54',2,NULL),(7,'34343O2',155.00,'0000-00-00 00:00:00',NULL,NULL,'2016-08-11 12:40:01','2016-08-31 13:14:04',0,NULL),(8,'5788',40.00,NULL,'2017-05-22 21:49:23',NULL,'2017-05-22 21:49:23','2017-05-22 18:49:23',0,NULL),(9,'5788',40.00,NULL,'2017-05-22 21:49:54',NULL,'2017-05-22 21:49:54','2017-05-22 18:49:54',0,NULL),(10,'5788',40.00,'2017-05-20 19:15:47','2017-05-22 21:52:29',NULL,'2017-05-22 21:52:29','2017-05-22 18:52:29',0,NULL),(11,'5788',40.00,NULL,'2017-05-20 19:15:47',NULL,'2017-05-22 21:57:20','2017-05-22 18:57:21',0,NULL),(12,'5788',40.00,NULL,'2017-05-20 19:15:47',NULL,'2017-05-22 22:06:53','2017-05-22 19:06:53',0,NULL),(13,'5788',40.00,NULL,'2017-05-20 19:15:47',NULL,'2017-05-22 22:08:19','2017-05-22 19:08:19',0,NULL),(14,'5788',150.00,'2019-01-05 17:06:56','2017-06-07 16:24:42',NULL,'2017-06-07 23:09:12','2017-06-07 20:09:12',0,NULL),(15,'19870203',60.00,'2017-12-07 11:15:48','2017-06-07 16:31:57',NULL,'2017-06-07 23:09:12','2017-06-07 20:09:12',0,NULL),(16,'19891202',10.00,'2017-07-07 16:26:40','2017-06-07 16:34:43',NULL,'2017-06-07 23:09:12','2017-06-07 20:09:12',0,NULL),(17,'5788',150.00,'2019-01-05 17:06:56','2017-06-07 16:24:42',NULL,'2017-06-07 23:09:14','2017-06-07 20:09:14',0,NULL),(18,'19870203',60.00,'2017-12-07 11:15:48','2017-06-07 16:31:57',NULL,'2017-06-07 23:09:14','2017-06-07 20:09:14',0,NULL),(19,'19891202',10.00,'2017-07-07 16:26:40','2017-06-07 16:34:43',NULL,'2017-06-07 23:09:14','2017-06-07 20:09:14',0,NULL),(20,'5788',150.00,'2019-01-05 17:06:56','2017-06-07 16:24:42',NULL,'2017-06-07 23:09:16','2017-06-07 20:09:16',0,NULL),(21,'19870203',60.00,'2017-12-07 11:15:48','2017-06-07 16:31:57',NULL,'2017-06-07 23:09:16','2017-06-07 20:09:16',0,NULL),(22,'19891202',10.00,'2017-07-07 16:26:40','2017-06-07 16:34:43',NULL,'2017-06-07 23:09:16','2017-06-07 20:09:16',0,NULL),(23,'5788',150.00,'2019-01-05 17:06:56','2017-06-07 16:24:42',NULL,'2017-06-07 23:09:17','2017-06-07 20:09:17',0,NULL),(24,'19870203',60.00,'2017-12-07 11:15:48','2017-06-07 16:31:57',NULL,'2017-06-07 23:09:18','2017-06-07 20:09:18',0,NULL),(25,'19891202',10.00,'2017-07-07 16:26:40','2017-06-07 16:34:43',NULL,'2017-06-07 23:09:18','2017-06-07 20:09:18',0,NULL),(26,'5788',150.00,'2019-01-05 17:06:56','2017-06-07 16:24:42',NULL,'2017-06-07 23:09:19','2017-06-07 20:09:19',0,NULL),(27,'19870203',60.00,'2017-12-07 11:15:48','2017-06-07 16:31:57',NULL,'2017-06-07 23:09:19','2017-06-07 20:09:19',0,NULL),(28,'19891202',10.00,'2017-07-07 16:26:40','2017-06-07 16:34:43',NULL,'2017-06-07 23:09:19','2017-06-07 20:09:19',0,NULL),(29,'5788',150.00,'2019-01-05 17:06:56','2017-06-07 16:24:42',NULL,'2017-06-07 23:09:21','2017-06-07 20:09:21',0,NULL),(30,'19870203',60.00,'2017-12-07 11:15:48','2017-06-07 16:31:57',NULL,'2017-06-07 23:09:21','2017-06-07 20:09:21',0,NULL),(31,'19891202',10.00,'2017-07-07 16:26:40','2017-06-07 16:34:43',NULL,'2017-06-07 23:09:21','2017-06-07 20:09:21',0,NULL),(32,'5788',150.00,'2019-01-05 17:06:56','2017-06-07 16:24:42',NULL,'2017-06-07 23:09:23','2017-06-07 20:09:23',0,NULL),(33,'19870203',60.00,'2017-12-07 11:15:48','2017-06-07 16:31:57',NULL,'2017-06-07 23:09:23','2017-06-07 20:09:23',0,NULL),(34,'19891202',10.00,'2017-07-07 16:26:40','2017-06-07 16:34:43',NULL,'2017-06-07 23:09:23','2017-06-07 20:09:23',0,NULL),(35,'5788',150.00,'2019-01-05 17:06:56','2017-06-07 16:24:42',NULL,'2017-06-07 23:09:25','2017-06-07 20:09:25',0,NULL),(36,'19870203',60.00,'2017-12-07 11:15:48','2017-06-07 16:31:57',NULL,'2017-06-07 23:09:25','2017-06-07 20:09:25',0,NULL),(37,'19891202',10.00,'2017-07-07 16:26:40','2017-06-07 16:34:43',NULL,'2017-06-07 23:09:25','2017-06-07 20:09:25',0,NULL),(38,'5788',150.00,'2019-01-05 17:06:56','2017-06-07 16:24:42',NULL,'2017-06-07 23:09:27','2017-06-07 20:09:27',0,NULL),(39,'19870203',60.00,'2017-12-07 11:15:48','2017-06-07 16:31:57',NULL,'2017-06-07 23:09:27','2017-06-07 20:09:27',0,NULL),(40,'19891202',10.00,'2017-07-07 16:26:40','2017-06-07 16:34:43',NULL,'2017-06-07 23:09:27','2017-06-07 20:09:27',0,NULL),(41,'5788',150.00,'2019-01-05 17:06:56','2017-06-07 16:24:42',NULL,'2017-06-07 23:09:29','2017-06-07 20:09:29',0,NULL),(42,'19870203',60.00,'2017-12-07 11:15:48','2017-06-07 16:31:57',NULL,'2017-06-07 23:09:29','2017-06-07 20:09:29',0,NULL),(43,'19891202',10.00,'2017-07-07 16:26:40','2017-06-07 16:34:43',NULL,'2017-06-07 23:09:29','2017-06-07 20:09:29',0,NULL),(44,'5788',150.00,'2019-01-05 17:06:56','2017-06-07 16:24:42',NULL,'2017-06-08 15:06:46','2017-06-08 12:06:47',0,NULL),(45,'19870203',60.00,'2017-12-07 11:15:48','2017-06-07 16:31:57',NULL,'2017-06-08 15:06:47','2017-06-08 12:06:47',0,NULL),(46,'19891202',10.00,'2017-07-07 16:26:40','2017-06-07 16:34:43',NULL,'2017-06-08 15:06:47','2017-06-08 12:06:47',0,NULL),(47,'5788',70.00,'2018-01-05 17:42:29','2017-06-08 13:16:24',NULL,'2017-06-08 16:57:32','2017-06-08 13:57:32',0,NULL),(48,'19870203',60.00,'2017-12-07 11:15:48','2017-06-07 16:31:57',NULL,'2017-06-08 16:57:32','2017-06-08 13:57:32',0,NULL),(49,'19891202',20.00,'2017-08-07 16:26:40','2017-06-08 13:06:50',NULL,'2017-06-08 16:57:33','2017-06-08 13:57:33',0,NULL),(50,'5788',70.00,'2018-01-05 17:42:29','2017-06-08 13:16:24',NULL,'2017-06-08 16:57:34','2017-06-08 13:57:34',0,NULL),(51,'19870203',60.00,'2017-12-07 11:15:48','2017-06-07 16:31:57',NULL,'2017-06-08 16:57:34','2017-06-08 13:57:34',0,NULL),(52,'19891202',20.00,'2017-08-07 16:26:40','2017-06-08 13:06:50',NULL,'2017-06-08 16:57:34','2017-06-08 13:57:34',0,NULL),(53,'5788',70.00,'2018-01-05 17:42:29','2017-06-08 13:16:24',NULL,'2017-06-08 16:57:35','2017-06-08 13:57:35',0,NULL),(54,'19870203',60.00,'2017-12-07 11:15:48','2017-06-07 16:31:57',NULL,'2017-06-08 16:57:35','2017-06-08 13:57:35',0,NULL),(55,'19891202',20.00,'2017-08-07 16:26:40','2017-06-08 13:06:50',NULL,'2017-06-08 16:57:35','2017-06-08 13:57:35',0,NULL),(56,'5788',70.00,'2018-01-05 17:42:29','2017-06-08 13:16:24',NULL,'2017-06-08 16:57:36','2017-06-08 13:57:36',0,NULL),(57,'19870203',60.00,'2017-12-07 11:15:48','2017-06-07 16:31:57',NULL,'2017-06-08 16:57:36','2017-06-08 13:57:36',0,NULL),(58,'19891202',20.00,'2017-08-07 16:26:40','2017-06-08 13:06:50',NULL,'2017-06-08 16:57:36','2017-06-08 13:57:36',0,NULL),(59,'5788',70.00,'2018-01-05 17:42:29','2017-06-08 13:16:24',NULL,'2017-06-08 16:57:37','2017-06-08 13:57:37',0,NULL),(60,'19870203',60.00,'2017-12-07 11:15:48','2017-06-07 16:31:57',NULL,'2017-06-08 16:57:37','2017-06-08 13:57:37',0,NULL),(61,'19891202',20.00,'2017-08-07 16:26:40','2017-06-08 13:06:50',NULL,'2017-06-08 16:57:37','2017-06-08 13:57:37',0,NULL),(62,'5788',-314.00,NULL,'2017-05-20 16:33:29',NULL,'2017-06-08 18:21:36','2017-06-08 15:21:37',0,NULL),(63,'5788',70.00,'2018-01-05 17:42:29','2017-06-08 13:16:24',NULL,'2017-06-11 07:22:02','2017-06-11 04:22:03',0,NULL),(64,'19870203',60.00,'2017-12-07 11:15:48','2017-06-07 16:31:57',NULL,'2017-06-11 07:22:03','2017-06-11 04:22:03',0,NULL),(65,'19891202',20.00,'2017-08-07 16:26:40','2017-06-08 13:06:50',NULL,'2017-06-11 07:22:03','2017-06-11 04:22:03',0,NULL),(66,'5788',70.00,'2018-01-05 17:42:29','2017-06-08 13:16:24',NULL,'2017-06-11 07:41:08','2017-06-11 04:41:08',0,NULL),(67,'19870203',60.00,'2017-12-07 11:15:48','2017-06-07 16:31:57',NULL,'2017-06-11 07:41:08','2017-06-11 04:41:08',0,NULL),(68,'19891202',20.00,'2017-08-07 16:26:40','2017-06-08 13:06:50',NULL,'2017-06-11 07:41:08','2017-06-11 04:41:08',0,NULL),(69,'5788',70.00,'2018-01-05 17:42:29','2017-06-08 13:16:24',NULL,'2017-06-11 08:00:38','2017-06-11 05:00:39',0,NULL),(70,'19870203',60.00,'2017-12-07 11:15:48','2017-06-07 16:31:57',NULL,'2017-06-11 08:00:39','2017-06-11 05:00:39',0,NULL),(71,'19891202',20.00,'2017-08-07 16:26:40','2017-06-08 13:06:50',NULL,'2017-06-11 08:00:39','2017-06-11 05:00:39',0,NULL),(72,'1234ABCD',100020.00,'2017-08-30 00:00:00','2017-06-11 07:34:21',NULL,'2017-06-11 10:38:54','2017-06-11 07:38:54',0,NULL),(73,'5788',70.00,'2018-01-05 17:42:29','2017-06-08 13:16:24',NULL,'2017-06-11 10:38:54','2017-06-11 07:38:54',0,NULL),(74,'19870203',60.00,'2017-12-07 11:15:48','2017-06-07 16:31:57',NULL,'2017-06-11 10:38:54','2017-06-11 07:38:54',0,NULL),(75,'19891202',20.00,'2017-08-07 16:26:40','2017-06-08 13:06:50',NULL,'2017-06-11 10:38:54','2017-06-11 07:38:54',0,NULL),(76,'1234ABCD',100030.00,'2017-09-30 00:00:00','2017-06-11 07:39:48',NULL,'2017-06-11 10:39:47','2017-06-11 07:39:47',0,NULL),(77,'1234ABCD',100030.00,'2017-09-30 00:00:00','2017-06-11 07:39:48',NULL,'2017-06-11 10:39:54','2017-06-11 07:39:54',0,NULL),(78,'5788',70.00,'2018-01-05 17:42:29','2017-06-08 13:16:24',NULL,'2017-06-11 10:39:54','2017-06-11 07:39:54',0,NULL),(79,'19870203',60.00,'2017-12-07 11:15:48','2017-06-07 16:31:57',NULL,'2017-06-11 10:39:54','2017-06-11 07:39:54',0,NULL),(80,'19891202',20.00,'2017-08-07 16:26:40','2017-06-08 13:06:50',NULL,'2017-06-11 10:39:54','2017-06-11 07:39:54',0,NULL),(81,'1234ABCD',100040.00,'2017-10-30 00:00:00','2017-06-11 07:44:25',NULL,'2017-06-11 10:44:26','2017-06-11 07:44:26',0,NULL),(82,'1234ABCD',100040.00,'2017-10-30 00:00:00','2017-06-11 07:44:25',NULL,'2017-06-11 10:44:50','2017-06-11 07:44:50',0,NULL),(83,'5788',70.00,'2018-01-05 17:42:29','2017-06-08 13:16:24',NULL,'2017-06-11 10:44:50','2017-06-11 07:44:50',0,NULL),(84,'19870203',60.00,'2017-12-07 11:15:48','2017-06-07 16:31:57',NULL,'2017-06-11 10:44:50','2017-06-11 07:44:50',0,NULL),(85,'19891202',20.00,'2017-08-07 16:26:40','2017-06-08 13:06:50',NULL,'2017-06-11 10:44:51','2017-06-11 07:44:51',0,NULL),(86,'1234ABCD',100040.00,'2017-10-30 00:00:00','2017-06-11 07:44:25',NULL,'2017-06-11 10:48:29','2017-06-11 07:48:29',0,NULL),(87,'5788',70.00,'2018-01-05 17:42:29','2017-06-08 13:16:24',NULL,'2017-06-11 10:48:29','2017-06-11 07:48:29',0,NULL),(88,'19870203',60.00,'2017-12-07 11:15:48','2017-06-07 16:31:57',NULL,'2017-06-11 10:48:29','2017-06-11 07:48:29',0,NULL),(89,'19891202',20.00,'2017-08-07 16:26:40','2017-06-08 13:06:50',NULL,'2017-06-11 10:48:29','2017-06-11 07:48:29',0,NULL),(90,'1234ABCD',100050.00,'2017-11-30 00:00:00','2017-06-11 07:49:27',NULL,'2017-06-11 10:49:29','2017-06-11 07:49:29',0,NULL),(91,'1234ABCD',100050.00,'2017-11-30 00:00:00','2017-06-11 07:49:27',NULL,'2017-06-11 10:50:03','2017-06-11 07:50:03',0,NULL),(92,'5788',70.00,'2018-01-05 17:42:29','2017-06-08 13:16:24',NULL,'2017-06-11 10:50:03','2017-06-11 07:50:03',0,NULL),(93,'19870203',60.00,'2017-12-07 11:15:48','2017-06-07 16:31:57',NULL,'2017-06-11 10:50:03','2017-06-11 07:50:03',0,NULL),(94,'19891202',20.00,'2017-08-07 16:26:40','2017-06-08 13:06:50',NULL,'2017-06-11 10:50:03','2017-06-11 07:50:03',0,NULL),(95,'1234ABCD',100060.00,'2017-12-30 00:00:00','2017-06-11 08:10:08',NULL,'2017-06-11 11:10:06','2017-06-11 08:10:06',0,NULL),(96,'1234ABCD',100060.00,'2017-12-30 00:00:00','2017-06-11 08:10:08',NULL,'2017-06-11 11:10:46','2017-06-11 08:10:47',0,NULL),(97,'ABCD1234',100010.00,'2017-07-30 00:00:00','2017-06-11 08:08:07',NULL,'2017-06-11 11:10:47','2017-06-11 08:10:47',0,NULL),(98,'5788',70.00,'2018-01-05 17:42:29','2017-06-08 13:16:24',NULL,'2017-06-11 11:10:47','2017-06-11 08:10:47',0,NULL),(99,'19870203',60.00,'2017-12-07 11:15:48','2017-06-07 16:31:57',NULL,'2017-06-11 11:10:47','2017-06-11 08:10:47',0,NULL),(100,'19891202',20.00,'2017-08-07 16:26:40','2017-06-08 13:06:50',NULL,'2017-06-11 11:10:47','2017-06-11 08:10:47',0,NULL),(101,'1234ABCD',100060.00,'2017-12-30 00:00:00','2017-06-11 08:10:08',NULL,'2017-06-11 11:49:05','2017-06-11 08:49:05',0,NULL),(102,'ABCD1234',100010.00,'2017-07-30 00:00:00','2017-06-11 08:08:07',NULL,'2017-06-11 11:49:05','2017-06-11 08:49:05',0,NULL),(103,'5788',70.00,'2018-01-05 17:42:29','2017-06-08 13:16:24',NULL,'2017-06-11 11:49:05','2017-06-11 08:49:05',0,NULL),(104,'19870203',60.00,'2017-12-07 11:15:48','2017-06-07 16:31:57',NULL,'2017-06-11 11:49:06','2017-06-11 08:49:06',0,NULL),(105,'19891202',20.00,'2017-08-07 16:26:40','2017-06-08 13:06:50',NULL,'2017-06-11 11:49:06','2017-06-11 08:49:06',0,NULL),(106,'1234ABCD',100060.00,'2017-12-30 00:00:00','2017-06-11 08:10:08',NULL,'2017-06-11 13:02:03','2017-06-11 10:02:03',0,NULL),(107,'ABCD1234',100010.00,'2017-07-30 00:00:00','2017-06-11 08:08:07',NULL,'2017-06-11 13:02:03','2017-06-11 10:02:03',0,NULL),(108,'5788',70.00,'2018-01-05 17:42:29','2017-06-08 13:16:24',NULL,'2017-06-11 13:02:04','2017-06-11 10:02:04',0,NULL),(109,'19870203',60.00,'2017-12-07 11:15:48','2017-06-07 16:31:57',NULL,'2017-06-11 13:02:04','2017-06-11 10:02:04',0,NULL),(110,'19891202',20.00,'2017-08-07 16:26:40','2017-06-08 13:06:50',NULL,'2017-06-11 13:02:04','2017-06-11 10:02:04',0,NULL),(111,'1234ABCD',100060.00,'2017-12-30 00:00:00','2017-06-11 08:10:08',NULL,'2017-06-11 13:15:28','2017-06-11 10:15:28',0,NULL),(112,'ABCD1234',100010.00,'2017-07-30 00:00:00','2017-06-11 08:08:07',NULL,'2017-06-11 13:15:28','2017-06-11 10:15:28',0,NULL),(113,'5788',70.00,'2018-01-05 17:42:29','2017-06-08 13:16:24',NULL,'2017-06-11 13:15:28','2017-06-11 10:15:28',0,NULL),(114,'19870203',60.00,'2017-12-07 11:15:48','2017-06-07 16:31:57',NULL,'2017-06-11 13:15:28','2017-06-11 10:15:28',0,NULL),(115,'19891202',20.00,'2017-08-07 16:26:40','2017-06-08 13:06:50',NULL,'2017-06-11 13:15:28','2017-06-11 10:15:28',0,NULL),(116,'1234ABCD',100060.00,'2017-12-30 00:00:00','2017-06-11 08:10:08',NULL,'2017-06-11 13:23:10','2017-06-11 10:23:10',0,NULL),(117,'1234ABCD1',166676.00,'2017-07-30 00:00:00','2017-06-11 10:22:04',NULL,'2017-06-11 13:23:10','2017-06-11 10:23:10',0,NULL),(118,'5788',70.00,'2018-01-05 17:42:29','2017-06-08 13:16:24',NULL,'2017-06-11 13:23:10','2017-06-11 10:23:10',0,NULL),(119,'19870203',60.00,'2017-12-07 11:15:48','2017-06-07 16:31:57',NULL,'2017-06-11 13:23:10','2017-06-11 10:23:10',0,NULL),(120,'19891202',20.00,'2017-08-07 16:26:40','2017-06-08 13:06:50',NULL,'2017-06-11 13:23:10','2017-06-11 10:23:10',0,NULL);
/*!40000 ALTER TABLE `coreRequests` ENABLE KEYS */;
UNLOCK TABLES;

--
-- Table structure for table `customerProfileAccounts`
--

DROP TABLE IF EXISTS `customerProfileAccounts`;
/*!40101 SET @saved_cs_client     = @@character_set_client */;
/*!40101 SET character_set_client = utf8 */;
CREATE TABLE `customerProfileAccounts` (
  `customerProfileAccountID` int(11) unsigned NOT NULL AUTO_INCREMENT COMMENT 'Primary Key',
  `customerProfileID` int(11) NOT NULL,
  `LocationID` varchar(100) DEFAULT NULL COMMENT 'refrence to locations table',
  `expiryDate` datetime DEFAULT '0001-01-01 00:00:00',
  `amountBalance` double(15,2) NOT NULL DEFAULT '0.00',
  `startTime` datetime NOT NULL DEFAULT '0000-00-00 00:00:00',
  `expiryTime` datetime DEFAULT NULL,
  `processingStatus` tinyint(4) NOT NULL DEFAULT '0',
  `active` tinyint(1) NOT NULL DEFAULT '2',
  `dateModified` timestamp NOT NULL DEFAULT CURRENT_TIMESTAMP,
  `dateCreated` datetime NOT NULL DEFAULT '0000-00-00 00:00:00',
  PRIMARY KEY (`customerProfileAccountID`),
  KEY `customerProfileID` (`customerProfileID`),
  KEY `LocationID` (`LocationID`),
  CONSTRAINT `fk_customerProfileID` FOREIGN KEY (`customerProfileID`) REFERENCES `customerProfiles` (`customerProfileID`) ON DELETE NO ACTION ON UPDATE NO ACTION
) ENGINE=InnoDB AUTO_INCREMENT=6 DEFAULT CHARSET=latin1;
/*!40101 SET character_set_client = @saved_cs_client */;

--
-- Dumping data for table `customerProfileAccounts`
--

LOCK TABLES `customerProfileAccounts` WRITE;
/*!40000 ALTER TABLE `customerProfileAccounts` DISABLE KEYS */;
INSERT INTO `customerProfileAccounts` VALUES (1,1,NULL,'2017-08-21 21:05:11',-4400.00,'2016-08-05 20:47:19','2017-08-21 21:05:11',3,1,'2016-07-18 15:59:59','2016-07-18 18:59:59'),(2,2,NULL,'2017-08-21 21:05:11',100.00,'2016-07-18 19:00:06','2018-07-18 19:00:06',3,1,'2016-07-18 16:00:06','2016-07-18 19:00:06'),(3,3,NULL,'2017-08-21 21:05:11',388.00,'2017-05-23 14:58:34','2017-05-23 14:58:37',2,2,'2016-08-05 18:16:33','2016-08-05 21:16:33'),(4,37,NULL,'2017-08-21 21:05:11',-5840.00,'2016-08-19 20:32:34','2017-08-21 21:05:11',3,2,'2016-08-19 17:03:34','0000-00-00 00:00:00'),(5,63,NULL,'2017-08-21 21:05:11',155.00,'0000-00-00 00:00:00','2017-08-21 21:05:11',0,2,'2016-08-21 18:29:30','0000-00-00 00:00:00');
/*!40000 ALTER TABLE `customerProfileAccounts` ENABLE KEYS */;
UNLOCK TABLES;

--
-- Table structure for table `customerProfiles`
--

DROP TABLE IF EXISTS `customerProfiles`;
/*!40101 SET @saved_cs_client     = @@character_set_client */;
/*!40101 SET character_set_client = utf8 */;
CREATE TABLE `customerProfiles` (
  `customerProfileID` int(11) NOT NULL AUTO_INCREMENT COMMENT 'Primary Key',
  `accountNumber` varchar(45) NOT NULL,
  `MSISDN` bigint(20) DEFAULT NULL,
  `amount` double(15,2) NOT NULL DEFAULT '0.00',
  `statusCode` smallint(1) NOT NULL DEFAULT '0',
  `statusDescription` text,
  `active` tinyint(1) NOT NULL DEFAULT '2',
  `dateCreated` datetime NOT NULL DEFAULT '0000-00-00 00:00:00',
  `dateModified` timestamp NOT NULL DEFAULT CURRENT_TIMESTAMP,
  PRIMARY KEY (`customerProfileID`),
  UNIQUE KEY `accountNumber` (`accountNumber`)
) ENGINE=InnoDB AUTO_INCREMENT=67 DEFAULT CHARSET=latin1;
/*!40101 SET character_set_client = @saved_cs_client */;

--
-- Dumping data for table `customerProfiles`
--

LOCK TABLES `customerProfiles` WRITE;
/*!40000 ALTER TABLE `customerProfiles` DISABLE KEYS */;
INSERT INTO `customerProfiles` VALUES (1,'212135K',254718668088,1000.00,3,'null',2,'2016-07-18 18:56:07','2016-07-18 15:56:07'),(2,'03E47A25',254711123456,1000.00,3,'null',2,'2016-07-18 18:56:34','2016-07-18 15:56:34'),(3,'D55A1653',254718668308,490.00,3,NULL,2,'2016-08-05 21:14:22','2016-08-05 18:14:22'),(4,'3434',NULL,1000.00,0,NULL,2,'0000-00-00 00:00:00','2016-08-19 16:48:14'),(31,'3434w',NULL,1000.00,0,NULL,2,'2016-08-19 19:59:06','2016-08-19 16:59:06'),(32,'3434A',NULL,1000.00,0,NULL,2,'2016-08-19 19:59:06','2016-08-19 16:59:06'),(34,'3434Q',NULL,1000.00,0,NULL,2,'2016-08-19 19:59:06','2016-08-19 16:59:06'),(35,'3434S',NULL,1000.00,0,NULL,2,'2016-08-19 19:59:06','2016-08-19 16:59:06'),(37,'3434AQ',NULL,1000.00,3,NULL,2,'2016-08-19 20:03:34','2016-08-19 17:03:34'),(53,'3434H322',NULL,155.00,0,NULL,2,'2016-08-21 21:05:11','2016-08-21 18:05:11'),(63,'3434322',NULL,155.00,0,NULL,2,'2016-08-21 21:29:30','2016-08-21 18:29:30'),(66,'34343O2',NULL,155.00,0,NULL,2,'2016-08-21 21:37:47','2016-08-21 18:37:47');
/*!40000 ALTER TABLE `customerProfiles` ENABLE KEYS */;
UNLOCK TABLES;

--
-- Table structure for table `locations`
--

DROP TABLE IF EXISTS `locations`;
/*!40101 SET @saved_cs_client     = @@character_set_client */;
/*!40101 SET character_set_client = utf8 */;
CREATE TABLE `locations` (
  `LocationID` varchar(100) NOT NULL COMMENT 'Location Idenity ',
  `locationName` varchar(225) NOT NULL,
  `active` tinyint(1) NOT NULL DEFAULT '0'
) ENGINE=InnoDB DEFAULT CHARSET=latin1;
/*!40101 SET character_set_client = @saved_cs_client */;

--
-- Dumping data for table `locations`
--

LOCK TABLES `locations` WRITE;
/*!40000 ALTER TABLE `locations` DISABLE KEYS */;
INSERT INTO `locations` VALUES ('ABCD1234','Karen Home Ted',1);
/*!40000 ALTER TABLE `locations` ENABLE KEYS */;
UNLOCK TABLES;

--
-- Table structure for table `sessionData`
--

DROP TABLE IF EXISTS `sessionData`;
/*!40101 SET @saved_cs_client     = @@character_set_client */;
/*!40101 SET character_set_client = utf8 */;
CREATE TABLE `sessionData` (
  `sessionDataID` int(11) unsigned NOT NULL AUTO_INCREMENT COMMENT 'Primary Key',
  `customerProfileAccountID` int(11) unsigned NOT NULL,
  `timeSpent` text,
  `amountSpent` double(15,2) NOT NULL DEFAULT '0.00',
  `syncStatus` tinyint(1) NOT NULL DEFAULT '0',
  `syncStatusDescription` text,
  `amountBalance` double(15,2) NOT NULL DEFAULT '0.00',
  `dateCreated` datetime NOT NULL DEFAULT '0000-00-00 00:00:00',
  `dateModified` timestamp NOT NULL DEFAULT CURRENT_TIMESTAMP,
  PRIMARY KEY (`sessionDataID`),
  KEY `customerProfileAccountID` (`customerProfileAccountID`),
  CONSTRAINT `fk_customerProfileAccountID` FOREIGN KEY (`customerProfileAccountID`) REFERENCES `customerProfileAccounts` (`customerProfileAccountID`) ON DELETE NO ACTION ON UPDATE NO ACTION
) ENGINE=InnoDB AUTO_INCREMENT=89 DEFAULT CHARSET=latin1;
/*!40101 SET character_set_client = @saved_cs_client */;

--
-- Dumping data for table `sessionData`
--

LOCK TABLES `sessionData` WRITE;
/*!40000 ALTER TABLE `sessionData` DISABLE KEYS */;
INSERT INTO `sessionData` VALUES (1,3,'0',0.00,0,NULL,100.00,'2016-08-21 19:23:43','2016-08-21 16:23:43'),(2,3,'1',1.00,0,NULL,99.00,'2016-08-21 19:25:03','2016-08-21 16:25:03'),(3,3,'1',1.00,0,NULL,489.00,'2016-08-29 15:31:51','2016-08-29 12:31:51'),(4,3,'0',0.00,0,NULL,489.00,'2016-08-29 15:33:36','2016-08-29 12:33:36'),(5,3,'7',7.00,0,NULL,482.00,'2016-08-29 15:42:11','2016-08-29 12:42:11'),(6,3,'0',0.00,0,NULL,482.00,'2016-08-29 15:51:56','2016-08-29 12:51:56'),(7,3,'4',4.00,0,NULL,478.00,'2016-08-29 15:52:13','2016-08-29 12:52:13'),(8,3,'4',4.00,0,NULL,474.00,'2016-08-29 15:56:24','2016-08-29 12:56:24'),(9,3,'0',0.00,0,NULL,474.00,'2016-08-29 15:56:35','2016-08-29 12:56:35'),(10,3,'4',4.00,0,NULL,470.00,'2016-08-29 15:56:57','2016-08-29 12:56:57'),(11,3,'2',2.00,0,NULL,468.00,'2016-08-29 15:59:36','2016-08-29 12:59:36'),(12,3,'4',4.00,0,NULL,464.00,'2016-08-29 15:59:51','2016-08-29 12:59:51'),(13,3,'1',1.00,0,NULL,463.00,'2016-08-29 16:01:04','2016-08-29 13:01:04'),(14,3,'2',2.00,0,NULL,461.00,'2016-08-29 16:01:58','2016-08-29 13:01:58'),(15,3,'2',2.00,0,NULL,459.00,'2016-08-29 16:02:06','2016-08-29 13:02:06'),(16,3,'2',2.00,0,NULL,457.00,'2016-08-29 16:02:26','2016-08-29 13:02:26'),(17,3,'4',4.00,0,NULL,453.00,'2016-08-29 16:11:28','2016-08-29 13:11:28'),(18,3,'2',2.00,0,NULL,451.00,'2016-08-29 16:11:53','2016-08-29 13:11:53'),(19,1,'4500',4500.00,0,NULL,-4400.00,'2016-09-13 22:10:13','2016-09-13 19:10:13'),(20,2,'0',0.00,0,NULL,100.00,'2016-09-13 22:10:13','2016-09-13 19:10:13'),(21,3,'0',0.00,0,NULL,451.00,'2016-09-13 22:10:13','2016-09-13 19:10:13'),(22,4,'5940',5940.00,0,NULL,-5840.00,'2016-09-13 22:10:13','2016-09-13 19:10:13'),(23,3,'57',57.00,0,NULL,394.00,'2016-09-13 22:10:51','2016-09-13 19:10:51'),(24,3,'0',0.00,0,NULL,394.00,'2016-09-13 22:11:03','2016-09-13 19:11:03'),(25,3,'6',6.00,0,NULL,388.00,'2016-09-13 22:11:09','2016-09-13 19:11:09'),(26,3,'0',0.00,0,NULL,388.00,'2016-09-13 22:16:31','2016-09-13 19:16:31'),(27,3,'7',0.00,0,NULL,388.00,'2016-09-13 22:16:39','2016-09-13 19:16:39'),(28,3,'0',0.00,0,NULL,388.00,'2016-09-13 22:18:17','2016-09-13 19:18:17'),(29,3,'9',0.00,0,NULL,388.00,'2016-09-13 22:18:25','2016-09-13 19:18:25'),(30,3,'0',0.00,0,NULL,388.00,'2016-09-13 22:21:40','2016-09-13 19:21:40'),(31,3,'0',0.00,0,NULL,388.00,'2016-09-13 22:30:29','2016-09-13 19:30:29'),(32,3,'4',0.00,0,NULL,388.00,'2016-09-13 22:48:33','2016-09-13 19:48:33'),(33,3,'0',0.00,0,NULL,388.00,'2016-09-13 22:51:08','2016-09-13 19:51:08'),(34,3,'0',0.00,0,NULL,388.00,'2016-09-13 22:51:09','2016-09-13 19:51:09'),(35,3,'0',0.00,0,NULL,388.00,'2016-09-13 22:51:11','2016-09-13 19:51:11'),(36,3,'0',0.00,0,NULL,388.00,'2016-09-13 22:51:12','2016-09-13 19:51:12'),(37,3,'0',0.00,0,NULL,388.00,'2016-09-13 22:51:13','2016-09-13 19:51:13'),(38,3,'0',0.00,0,NULL,388.00,'2016-09-13 22:51:14','2016-09-13 19:51:14'),(39,3,'0',0.00,0,NULL,388.00,'2016-09-13 22:51:15','2016-09-13 19:51:15'),(40,3,'0',0.00,0,NULL,388.00,'2016-09-13 22:51:16','2016-09-13 19:51:16'),(41,3,'0',0.00,0,NULL,388.00,'2016-09-13 22:51:18','2016-09-13 19:51:18'),(42,3,'0',0.00,0,NULL,388.00,'2016-09-13 22:51:19','2016-09-13 19:51:19'),(43,3,'0',0.00,0,NULL,388.00,'2016-09-13 22:51:20','2016-09-13 19:51:20'),(44,3,'0',0.00,0,NULL,388.00,'2016-09-13 22:55:08','2016-09-13 19:55:08'),(45,3,'0',0.00,0,NULL,388.00,'2016-09-13 22:55:09','2016-09-13 19:55:09'),(46,3,'0',0.00,0,NULL,388.00,'2016-09-13 22:55:10','2016-09-13 19:55:10'),(47,3,'0',0.00,0,NULL,388.00,'2016-09-13 22:55:11','2016-09-13 19:55:11'),(48,3,'0',0.00,0,NULL,388.00,'2016-09-13 22:55:12','2016-09-13 19:55:12'),(49,3,'0',0.00,0,NULL,388.00,'2016-09-13 22:55:14','2016-09-13 19:55:14'),(50,3,'0',0.00,0,NULL,388.00,'2016-09-13 22:55:15','2016-09-13 19:55:15'),(51,3,'0',0.00,0,NULL,388.00,'2016-09-13 22:55:16','2016-09-13 19:55:16'),(52,3,'240',0.00,0,NULL,388.00,'2016-09-13 23:08:09','2016-09-13 20:08:09'),(53,3,'0',0.00,0,NULL,388.00,'2016-09-13 23:10:50','2016-09-13 20:10:50'),(54,3,'129',0.00,0,NULL,388.00,'2016-09-13 23:10:52','2016-09-13 20:10:52'),(55,3,'0',0.00,0,NULL,388.00,'2016-09-13 23:11:09','2016-09-13 20:11:09'),(56,3,'148',0.00,0,NULL,388.00,'2016-09-13 23:11:10','2016-09-13 20:11:10'),(57,3,'0',0.00,0,NULL,388.00,'2016-09-13 23:11:11','2016-09-13 20:11:11'),(58,3,'150',0.00,0,NULL,388.00,'2016-09-13 23:11:13','2016-09-13 20:11:13'),(59,3,'0',0.00,0,NULL,388.00,'2016-09-13 23:11:53','2016-09-13 20:11:53'),(60,3,'191',0.00,0,NULL,388.00,'2016-09-13 23:11:54','2016-09-13 20:11:54'),(61,3,'0',0.00,0,NULL,388.00,'2016-09-13 23:11:58','2016-09-13 20:11:58'),(62,3,'197',0.00,0,NULL,388.00,'2016-09-13 23:11:59','2016-09-13 20:11:59'),(63,3,'240',0.00,0,NULL,388.00,'2016-09-13 23:25:52','2016-09-13 20:25:52'),(64,3,'240',0.00,0,NULL,388.00,'2016-09-13 23:27:24','2016-09-13 20:27:24'),(65,3,'0',0.00,0,NULL,388.00,'2016-09-13 23:29:52','2016-09-13 20:29:52'),(66,3,'0',0.00,0,NULL,388.00,'2016-09-13 23:29:54','2016-09-13 20:29:54'),(67,3,'0',0.00,0,NULL,388.00,'2016-09-13 23:29:55','2016-09-13 20:29:55'),(68,3,'0',0.00,0,NULL,388.00,'2016-09-13 23:29:56','2016-09-13 20:29:56'),(69,3,'0',0.00,0,NULL,388.00,'2016-09-13 23:29:57','2016-09-13 20:29:57'),(70,3,'0',0.00,0,NULL,388.00,'2016-09-13 23:29:58','2016-09-13 20:29:58'),(71,3,'0',0.00,0,NULL,388.00,'2016-09-13 23:31:24','2016-09-13 20:31:24'),(72,3,'0',0.00,0,NULL,388.00,'2016-09-13 23:31:25','2016-09-13 20:31:25'),(73,3,'0',0.00,0,NULL,388.00,'2016-09-13 23:31:26','2016-09-13 20:31:26'),(74,3,'0',0.00,0,NULL,388.00,'2016-09-13 23:31:28','2016-09-13 20:31:28'),(75,3,'0',0.00,0,NULL,388.00,'2016-09-13 23:31:29','2016-09-13 20:31:29'),(76,3,'0',0.00,0,NULL,388.00,'2016-09-13 23:31:30','2016-09-13 20:31:30'),(77,3,'0',0.00,0,NULL,388.00,'2016-09-13 23:31:31','2016-09-13 20:31:31'),(78,3,'0',0.00,0,NULL,388.00,'2016-09-13 23:31:32','2016-09-13 20:31:32'),(79,3,'0',0.00,0,NULL,388.00,'2016-09-13 23:31:34','2016-09-13 20:31:34'),(80,3,'0',0.00,0,NULL,388.00,'2016-09-13 23:31:35','2016-09-13 20:31:35'),(81,3,'85',0.00,0,NULL,388.00,'2016-09-13 23:34:05','2016-09-13 20:34:05'),(82,3,'0',0.00,0,NULL,388.00,'2016-09-13 23:38:23','2016-09-13 20:38:23'),(83,3,'240',0.00,0,NULL,388.00,'2016-09-13 23:38:24','2016-09-13 20:38:24'),(84,3,'0',0.00,0,NULL,388.00,'2016-09-13 23:44:19','2016-09-13 20:44:19'),(85,3,'240',0.00,0,NULL,388.00,'2016-09-13 23:45:52','2016-09-13 20:45:52'),(86,3,'0',0.00,0,NULL,388.00,'2016-09-13 23:46:46','2016-09-13 20:46:46'),(87,3,'20',0.00,0,NULL,388.00,'2016-09-13 23:47:06','2016-09-13 20:47:06'),(88,3,'16',0.00,0,NULL,388.00,'2017-01-10 12:17:41','2017-01-10 09:17:41');
/*!40000 ALTER TABLE `sessionData` ENABLE KEYS */;
UNLOCK TABLES;

--
-- Table structure for table `statusCodes`
--

DROP TABLE IF EXISTS `statusCodes`;
/*!40101 SET @saved_cs_client     = @@character_set_client */;
/*!40101 SET character_set_client = utf8 */;
CREATE TABLE `statusCodes` (
  `statusID` int(11) unsigned NOT NULL AUTO_INCREMENT COMMENT 'Primary Key',
  `statusCodeID` int(11) NOT NULL,
  `statusName` varchar(45) DEFAULT NULL,
  `statusDescription` varchar(150) DEFAULT NULL,
  `active` tinyint(1) NOT NULL DEFAULT '1',
  `dateCreated` datetime NOT NULL DEFAULT '0000-00-00 00:00:00',
  `dateModified` timestamp NOT NULL DEFAULT CURRENT_TIMESTAMP,
  PRIMARY KEY (`statusID`),
  KEY `statusCodeID` (`statusCodeID`)
) ENGINE=InnoDB AUTO_INCREMENT=5 DEFAULT CHARSET=latin1;
/*!40101 SET character_set_client = @saved_cs_client */;

--
-- Dumping data for table `statusCodes`
--

LOCK TABLES `statusCodes` WRITE;
/*!40000 ALTER TABLE `statusCodes` DISABLE KEYS */;
INSERT INTO `statusCodes` VALUES (1,0,'unprocessed','new record waiting processing',1,'2016-07-12 00:00:00','2016-07-12 07:34:12'),(2,1,'Processing','record picked for processing',1,'2016-07-12 00:00:00','2016-07-12 07:34:12'),(3,2,'processed','Record has been processed successfully',1,'2016-07-12 00:00:00','2016-07-12 08:27:27'),(4,3,'Processing finished','Processing finished',1,'2016-07-12 00:00:00','2016-07-12 08:27:32');
/*!40000 ALTER TABLE `statusCodes` ENABLE KEYS */;
UNLOCK TABLES;
/*!40103 SET TIME_ZONE=@OLD_TIME_ZONE */;

/*!40101 SET SQL_MODE=@OLD_SQL_MODE */;
/*!40014 SET FOREIGN_KEY_CHECKS=@OLD_FOREIGN_KEY_CHECKS */;
/*!40014 SET UNIQUE_CHECKS=@OLD_UNIQUE_CHECKS */;
/*!40101 SET CHARACTER_SET_CLIENT=@OLD_CHARACTER_SET_CLIENT */;
/*!40101 SET CHARACTER_SET_RESULTS=@OLD_CHARACTER_SET_RESULTS */;
/*!40101 SET COLLATION_CONNECTION=@OLD_COLLATION_CONNECTION */;
/*!40111 SET SQL_NOTES=@OLD_SQL_NOTES */;

-- Dump completed on 2017-11-12 23:52:34
